{
    "Screen_Regions.sun": {
        "rect": [
            0.3,
            0.3,
            0.7,
            0.68
        ]
    },
    "Screen_Regions.disengage": {
        "rect": [
            0.42,
            0.65,
            0.6,
            0.8
        ]
    },
    "Screen_Regions.sco": {
        "rect": [
            0.42,
            0.65,
            0.6,
            0.8
        ]
    },
    "Screen_Regions.fss": {
        "rect": [
            0.5045,
            0.7545,
            0.532,
            0.7955
        ]
    },
    "Screen_Regions.mission_dest": {
        "rect": [
            0.46,
            0.38,
            0.65,
            0.86
        ]
    },
    "Screen_Regions.missions": {
        "rect": [
            0.5,
            0.78,
            0.65,
            0.85
        ]
    },
    "Screen_Regions.nav_panel": {
        "rect": [
            0.25,
            0.36,
            0.6,
            0.85
        ]
    },
    "EDInternalStatusPanel.right_panel": {
        "rect": [
            0.35,
            0.2,
            0.85,
            0.26
        ]
    },
    "EDStationServicesInShip.connected_to": {
        "rect": [
            0.0,
            0.0,
            0.3,
            0.3
        ]
    },
    "EDStationServicesInShip.stn_svc_layout": {
        "rect": [
            0.05,
            0.4,
            0.6,
            0.76
        ]
    },
    "EDStationServicesInShip.commodities_market": {
        "rect": [
            0.0,
            0.0,
            0.25,
            0.25
        ]
    },
    "EDGalaxyMap.cartographics": {
        "rect": [
            0.0,
            0.0,
            0.25,
            0.25
        ]
    },
    "EDSystemMap.cartographics": {
        "rect": [
            0.0,
            0.0,
            0.25,
            0.25
        ]
    },
    "EDNavigationPanel.nav_panel": {
        "rect": [
            0.19476744186046513,
            0.19444444444444445,
            0.648546511627907,
            0.2826388888888889
        ]
    },
    "EDNavigationPanel.temp_tab_bar": {
        "rect": [
            0.20261627906976745,
            0.1986111111111111,
            0.6415697674418605,
            0.26875
        ]
    },
    "EDNavigationPanel.sub_reg.tab_bar": {
        "rect": [
            0.0,
            0.0,
            1.0,
            0.08
        ]
    },
    "EDNavigationPanel.sub_reg.location_panel": {
        "rect": [
            0.2218,
            0.3,
            0.8,
            1.0
        ]
    },
    "EDNavigationPanel.nav_list": {
        "rect": [
            0.3174418604651163,
            0.3215277777777778,
            0.5982558139534884,
            0.8569444444444444
        ]
    },
    "EDNavigationPanel.size.nav_pnl_tab": {
        "width": 169,
        "height": 14
    },
    "EDNavigationPanel.size.nav_pnl_location": {
        "width": 500,
        "height": 35
    },
    "EDInternalStatusPanel.size.nav_pnl_tab": {
        "width": 100,
        "height": 20
    },
    "EDInternalStatusPanel.inventory_list": {
        "rect": [
            0.2,
            0.3,
            0.8,
            0.9
        ]
    },
    "EDInternalStatusPanel.size.inventory_item": {
        "width": 100,
        "height": 20
    },
    "EDStationServicesInShip.services_list": {
        "rect": [
            0.1,
            0.4,
            0.5,
            0.9
        ]
    },
    "EDStationServicesInShip.carrier_admin_header": {
        "rect": [
            0.3994186046511628,
            0.0,
            0.6,
            0.1986111111111111
        ]
    },
    "EDGalaxyMap.galaxy_map_header": {
        "rect": [
            0.0,
            0.0,
            0.2,
            0.1
        ]
    },
    "EDNavigationPanel.deskew_angle": -1.0
}
